call_id,agent_id,client_id,date,start_time,end_time,duration_minutes
1,101,266,2025-12-01,2025-12-01 14:59:16,2025-12-01 15:16:48.463775,17.54106291595035
2,103,293,2025-12-01,2025-12-01 08:36:54,2025-12-01 08:50:00.332192,13.105536529295806
3,106,276,2025-12-01,2025-12-01 09:11:11,2025-12-01 09:24:52.044521,13.684075343339678
4,102,286,2025-12-01,2025-12-01 10:30:04,2025-12-01 10:53:28.159379,23.4026563183268
5,106,248,2025-12-01,2025-12-01 12:12:43,2025-12-01 12:22:24.915775,9.698596248181056
6,104,293,2025-12-01,2025-12-01 15:33:13,2025-12-01 15:52:24.255071,19.187584510407543
7,101,211,2025-12-01,2025-12-01 08:06:07,2025-12-01 08:09:09.378072,3.039634530847888
8,101,283,2025-12-01,2025-12-01 11:13:22,2025-12-01 11:33:19.099320,19.95165533943942
9,103,253,2025-12-01,2025-12-01 15:40:24,2025-12-01 15:57:38.281914,17.238031907683276
10,102,242,2025-12-01,2025-12-01 16:00:52,2025-12-01 16:17:04.856715,16.214278588104598
11,103,248,2025-12-01,2025-12-01 14:40:15,2025-12-01 14:54:29.926256,14.248770937789152
12,104,229,2025-12-01,2025-12-01 08:44:13,2025-12-01 08:58:31.598997,14.309983291159757
13,104,266,2025-12-01,2025-12-01 08:35:23,2025-12-01 08:44:36.083306,9.21805509303425
14,102,285,2025-12-01,2025-12-01 16:57:41,2025-12-01 17:05:09.249239,7.470820653262898
15,102,291,2025-12-01,2025-12-01 15:46:26,2025-12-01 16:00:29.475693,14.057928222921044
16,102,280,2025-12-01,2025-12-01 13:40:09,2025-12-01 14:03:18.684489,23.16140815203756
17,101,224,2025-12-01,2025-12-01 09:05:42,2025-12-01 09:20:29.091205,14.784853410856629
18,102,215,2025-12-01,2025-12-01 15:51:59,2025-12-01 16:08:58.796671,16.996611189319548
19,101,251,2025-12-01,2025-12-01 13:12:23,2025-12-01 13:34:53.514662,22.50857770329859
20,103,271,2025-12-01,2025-12-01 16:14:52,2025-12-01 16:38:28.582388,23.60970647340738
21,102,237,2025-12-02,2025-12-02 10:25:39,2025-12-02 10:38:59.519902,13.341998359762558
22,102,268,2025-12-02,2025-12-02 08:55:34,2025-12-02 09:13:59.552102,18.425868367120373
23,102,285,2025-12-02,2025-12-02 15:03:58,2025-12-02 15:11:17.626855,7.327114252563323
24,104,290,2025-12-02,2025-12-02 10:49:57,2025-12-02 11:12:57.765320,23.012755325929398
25,101,249,2025-12-02,2025-12-02 08:31:02,2025-12-02 08:48:06.454535,17.074242242842057
26,105,300,2025-12-02,2025-12-02 08:51:16,2025-12-02 09:05:51.085145,14.584752408902503
27,105,276,2025-12-02,2025-12-02 14:00:32,2025-12-02 14:21:21.401021,20.823350345306977
28,106,266,2025-12-02,2025-12-02 11:36:54,2025-12-02 12:06:29.605430,29.593423828163974
29,101,279,2025-12-02,2025-12-02 12:47:16,2025-12-02 12:55:16.317544,8.00529240581799
30,102,207,2025-12-02,2025-12-02 16:02:23,2025-12-02 16:05:28.850757,3.097512610165957
31,106,293,2025-12-02,2025-12-02 11:39:54,2025-12-02 12:11:11.355983,31.28926637959335
32,102,267,2025-12-02,2025-12-02 12:11:40,2025-12-02 12:30:51.656254,19.1942708944234
33,106,204,2025-12-02,2025-12-02 15:59:29,2025-12-02 16:20:48.154606,21.319243437439642
34,102,244,2025-12-02,2025-12-02 14:47:44,2025-12-02 15:03:50.953428,16.11589047082396
35,106,254,2025-12-02,2025-12-02 10:49:22,2025-12-02 11:10:52.378620,21.50631033643183
36,102,237,2025-12-02,2025-12-02 11:20:23,2025-12-02 11:35:02.090180,14.651502998136074
37,106,247,2025-12-02,2025-12-02 14:29:38,2025-12-02 14:46:33.966862,16.932781025468266
38,105,280,2025-12-02,2025-12-02 13:18:39,2025-12-02 13:28:36.291336,9.95485560574955
39,102,211,2025-12-02,2025-12-02 11:42:18,2025-12-02 11:57:40.478036,15.374633932888171
40,105,207,2025-12-02,2025-12-02 14:07:41,2025-12-02 14:23:48.403445,16.123390741814067
41,105,211,2025-12-02,2025-12-02 13:15:58,2025-12-02 13:22:46.943900,6.815731658448689
42,106,209,2025-12-02,2025-12-02 09:14:12,2025-12-02 09:32:34.585858,18.37643096391556
43,106,236,2025-12-02,2025-12-02 11:26:05,2025-12-02 11:48:50.110797,22.751846617509546
44,105,223,2025-12-02,2025-12-02 12:17:48,2025-12-02 12:33:18.075148,15.50125246798471
45,106,220,2025-12-03,2025-12-03 12:03:02,2025-12-03 12:10:16.271060,7.237850998144134
46,103,294,2025-12-03,2025-12-03 09:09:31,2025-12-03 09:36:13.712491,26.71187484409692
47,101,236,2025-12-03,2025-12-03 12:02:45,2025-12-03 12:08:32.594288,5.793238141358129
48,101,257,2025-12-03,2025-12-03 15:03:41,2025-12-03 15:25:21.607284,21.67678807185966
49,106,243,2025-12-03,2025-12-03 10:39:36,2025-12-03 10:51:06.154361,11.502572684852206
50,102,259,2025-12-03,2025-12-03 15:40:47,2025-12-03 15:52:32.745281,11.762421353540848
51,104,246,2025-12-03,2025-12-03 16:34:36,2025-12-03 16:48:20.536141,13.742269018617007
52,101,216,2025-12-03,2025-12-03 14:42:04,2025-12-03 14:50:42.880463,8.648007717478592
53,102,250,2025-12-03,2025-12-03 13:20:53,2025-12-03 13:41:55.964011,21.049400182152823
54,106,201,2025-12-03,2025-12-03 11:18:19,2025-12-03 11:34:04.283007,15.754716786322238
55,104,247,2025-12-03,2025-12-03 09:35:41,2025-12-03 09:57:57.033543,22.26722571605718
56,101,214,2025-12-03,2025-12-03 08:33:21,2025-12-03 08:55:21.150676,22.00251126706923
57,105,253,2025-12-03,2025-12-03 12:50:47,2025-12-03 13:08:02.211113,17.253518552953047
58,101,291,2025-12-03,2025-12-03 10:26:13,2025-12-03 10:51:46.327728,25.555462140318074
59,101,247,2025-12-03,2025-12-03 08:20:13,2025-12-03 08:40:38.464656,20.424410928570914
60,101,213,2025-12-03,2025-12-03 08:12:55,2025-12-03 08:34:22.893027,21.464883775267975
61,103,246,2025-12-03,2025-12-03 12:44:31,2025-12-03 12:56:31.121684,12.002028067545028
62,105,259,2025-12-03,2025-12-03 09:38:11,2025-12-03 09:58:24.441159,20.224019312058502
63,105,238,2025-12-03,2025-12-03 15:44:48,2025-12-03 15:51:19.155007,6.519250119937004
64,106,229,2025-12-03,2025-12-03 09:23:18,2025-12-03 09:36:22.626187,13.07710312483811
65,103,299,2025-12-03,2025-12-03 14:10:47,2025-12-03 14:29:03.457608,18.274293461098893
66,101,214,2025-12-04,2025-12-04 09:06:45,2025-12-04 09:17:54.406373,11.156772877433257
67,104,277,2025-12-04,2025-12-04 13:49:09,2025-12-04 13:57:46.250799,8.620846647927706
68,105,204,2025-12-04,2025-12-04 13:35:34,2025-12-04 13:50:45.350587,15.189176453077785
69,103,265,2025-12-04,2025-12-04 12:28:07,2025-12-04 12:49:35.728721,21.47881202344047
70,101,282,2025-12-04,2025-12-04 12:48:50,2025-12-04 13:18:43.071787,29.88452978478165
71,102,223,2025-12-04,2025-12-04 15:25:43,2025-12-04 15:36:07.174454,10.402907567879705
72,105,231,2025-12-04,2025-12-04 16:58:38,2025-12-04 17:13:36.344453,14.972407549250587
73,104,266,2025-12-04,2025-12-04 08:00:38,2025-12-04 08:11:22.104026,10.735067097025787
74,103,243,2025-12-04,2025-12-04 14:14:13,2025-12-04 14:29:03.016938,14.833615628715327
75,103,234,2025-12-04,2025-12-04 15:46:49,2025-12-04 16:11:18.436259,24.490604321908556
76,103,249,2025-12-04,2025-12-04 08:24:03,2025-12-04 08:40:12.134151,16.15223584971597
77,102,293,2025-12-04,2025-12-04 10:41:59,2025-12-04 11:01:43.116864,19.735281063226616
78,105,208,2025-12-04,2025-12-04 12:28:46,2025-12-04 12:45:21.140324,16.585672073192317
79,102,290,2025-12-04,2025-12-04 09:58:51,2025-12-04 10:14:09.732425,15.31220708112893
80,101,213,2025-12-04,2025-12-04 09:28:00,2025-12-04 09:43:20.736106,15.345601761425938
81,103,217,2025-12-04,2025-12-04 10:21:53,2025-12-04 10:35:22.911664,13.49852773492647
82,105,236,2025-12-04,2025-12-04 16:56:00,2025-12-04 17:18:09.372556,22.156209260811295
83,101,291,2025-12-04,2025-12-04 11:01:27,2025-12-04 11:19:50.829909,18.39716514755097
84,103,210,2025-12-04,2025-12-04 14:28:43,2025-12-04 14:49:53.877021,21.18128369133731
85,106,229,2025-12-04,2025-12-04 10:41:50,2025-12-04 10:47:46.892008,5.9482001275250465
86,104,235,2025-12-04,2025-12-04 14:06:19,2025-12-04 14:19:50.712140,13.52853566978369
87,104,275,2025-12-04,2025-12-04 08:25:54,2025-12-04 08:41:44.252740,15.837545659236053
88,105,214,2025-12-04,2025-12-04 11:18:20,2025-12-04 11:32:23.859598,14.064326625321648
89,106,249,2025-12-05,2025-12-05 10:03:16,2025-12-05 10:10:33.493273,7.291554554040802
90,102,218,2025-12-05,2025-12-05 11:17:56,2025-12-05 11:38:31.094334,20.58490556196861
91,106,213,2025-12-05,2025-12-05 15:05:22,2025-12-05 15:16:53.018323,11.516972044350116
92,105,248,2025-12-05,2025-12-05 11:23:18,2025-12-05 11:40:07.775124,16.82958540829785
93,105,253,2025-12-05,2025-12-05 10:28:40,2025-12-05 10:50:28.404578,21.80674297424639
94,102,258,2025-12-05,2025-12-05 09:04:27,2025-12-05 09:23:47.271210,19.33785349256142
95,103,226,2025-12-05,2025-12-05 12:41:14,2025-12-05 13:03:51.725156,22.628752604781234
96,105,287,2025-12-05,2025-12-05 09:10:42,2025-12-05 09:31:39.128743,20.952145718806463
97,106,294,2025-12-05,2025-12-05 10:44:40,2025-12-05 10:50:53.934810,6.232246837475735
98,106,291,2025-12-05,2025-12-05 14:13:41,2025-12-05 14:19:10.283744,5.488062405850659
99,105,229,2025-12-05,2025-12-05 16:46:44,2025-12-05 16:48:44.000000,2.0
100,105,235,2025-12-05,2025-12-05 09:26:06,2025-12-05 09:42:22.793511,16.279891842396914
101,105,268,2025-12-05,2025-12-05 10:12:15,2025-12-05 10:31:39.734355,19.412239249854714
102,104,289,2025-12-05,2025-12-05 13:39:41,2025-12-05 14:06:47.076296,27.101271596856474
103,104,292,2025-12-05,2025-12-05 09:34:48,2025-12-05 09:49:23.221780,14.587029663581381
104,106,239,2025-12-05,2025-12-05 12:16:02,2025-12-05 12:27:05.509518,11.058491971633456
105,105,255,2025-12-05,2025-12-05 11:49:51,2025-12-05 12:01:00.817807,11.163630112595367
106,104,272,2025-12-05,2025-12-05 08:54:49,2025-12-05 09:16:26.678437,21.627973950284286
107,103,246,2025-12-05,2025-12-05 10:32:54,2025-12-05 10:44:09.772534,11.26287557282154
108,102,285,2025-12-05,2025-12-05 13:52:26,2025-12-05 14:05:28.907074,13.048451240717467
109,102,287,2025-12-05,2025-12-05 10:35:21,2025-12-05 11:00:48.125537,25.452092287043925
110,105,231,2025-12-05,2025-12-05 16:35:52,2025-12-05 16:54:22.290581,18.504843012135247
111,101,222,2025-12-05,2025-12-05 14:25:53,2025-12-05 14:46:16.640988,20.394016468870145
112,105,230,2025-12-05,2025-12-05 11:15:13,2025-12-05 11:44:12.055641,28.984260689913
113,101,265,2025-12-05,2025-12-05 14:23:39,2025-12-05 14:32:17.040967,8.634016121930095
114,101,296,2025-12-05,2025-12-05 10:55:42,2025-12-05 11:12:59.330964,17.288849397354078
115,102,211,2025-12-05,2025-12-05 08:56:03,2025-12-05 09:16:26.234659,20.387244318569536
116,106,225,2025-12-06,2025-12-06 14:56:28,2025-12-06 15:10:21.227768,13.887129471944307
117,104,218,2025-12-06,2025-12-06 10:42:50,2025-12-06 11:02:18.753483,19.479224720072292
118,102,254,2025-12-06,2025-12-06 14:28:57,2025-12-06 14:46:38.153064,17.685884396126724
119,106,221,2025-12-06,2025-12-06 09:33:16,2025-12-06 09:43:10.498653,9.90831088146031
120,102,282,2025-12-06,2025-12-06 09:39:59,2025-12-06 10:03:30.043632,23.517393864300704
121,101,232,2025-12-06,2025-12-06 12:37:06,2025-12-06 12:55:18.767549,18.21279248635862
122,105,211,2025-12-06,2025-12-06 09:12:38,2025-12-06 09:28:03.669120,15.42781867272296
123,106,226,2025-12-06,2025-12-06 11:26:04,2025-12-06 11:38:47.878025,12.731300415654145
124,105,235,2025-12-06,2025-12-06 08:32:48,2025-12-06 08:50:45.510056,17.958500938736915
125,106,250,2025-12-06,2025-12-06 14:13:42,2025-12-06 14:32:40.209453,18.970157549905416
126,104,207,2025-12-06,2025-12-06 13:10:07,2025-12-06 13:24:24.979742,14.299662360364763
127,104,278,2025-12-06,2025-12-06 10:43:35,2025-12-06 11:02:15.642217,18.677370280700607
128,105,292,2025-12-06,2025-12-06 13:14:27,2025-12-06 13:32:32.306495,18.088441591451314
129,101,236,2025-12-06,2025-12-06 09:33:56,2025-12-06 09:48:22.835065,14.447251085087665
130,105,221,2025-12-06,2025-12-06 11:31:47,2025-12-06 11:49:28.087910,17.684798499085623
131,105,283,2025-12-06,2025-12-06 10:31:27,2025-12-06 10:57:20.241016,25.887350267542946
132,105,253,2025-12-06,2025-12-06 12:16:57,2025-12-06 12:35:13.245146,18.270752426756246
133,105,263,2025-12-06,2025-12-06 09:25:07,2025-12-06 09:37:04.011130,11.950185501726356
134,105,296,2025-12-06,2025-12-06 15:03:09,2025-12-06 15:22:02.035525,18.883925424472675
135,102,257,2025-12-06,2025-12-06 10:44:47,2025-12-06 11:03:12.924725,18.4320787556013
136,102,226,2025-12-06,2025-12-06 15:11:03,2025-12-06 15:26:35.885198,15.548086637038717
137,104,246,2025-12-06,2025-12-06 12:08:17,2025-12-06 12:19:51.430317,11.57383862082905
138,101,286,2025-12-07,2025-12-07 11:22:25,2025-12-07 11:31:28.463534,9.057725574873967
139,104,207,2025-12-07,2025-12-07 08:48:29,2025-12-07 09:04:18.448575,15.82414291677273
140,102,227,2025-12-07,2025-12-07 08:13:47,2025-12-07 08:18:16.460347,4.491005786488582
141,101,242,2025-12-07,2025-12-07 08:39:36,2025-12-07 09:02:18.648429,22.710807150729785
142,105,247,2025-12-07,2025-12-07 12:20:27,2025-12-07 12:34:07.719713,13.678661876371663
143,104,247,2025-12-07,2025-12-07 13:44:30,2025-12-07 13:56:27.056175,11.95093625200401
144,104,268,2025-12-07,2025-12-07 10:52:18,2025-12-07 11:21:55.391773,29.623196211916568
145,106,279,2025-12-07,2025-12-07 16:35:44,2025-12-07 16:53:49.113224,18.08522040540082
146,105,230,2025-12-07,2025-12-07 16:59:55,2025-12-07 17:23:47.326542,23.87210903531882
147,106,297,2025-12-07,2025-12-07 10:21:12,2025-12-07 10:40:20.593873,19.143231218379242
148,103,282,2025-12-07,2025-12-07 09:59:31,2025-12-07 10:27:14.216729,27.72027882295377
149,102,247,2025-12-07,2025-12-07 16:23:41,2025-12-07 16:39:35.286684,15.904778060519678
150,103,206,2025-12-07,2025-12-07 15:53:25,2025-12-07 16:16:55.624854,23.510414236408522
151,104,223,2025-12-07,2025-12-07 11:08:31,2025-12-07 11:22:20.548648,13.825810802126409
152,105,269,2025-12-07,2025-12-07 08:35:31,2025-12-07 08:50:36.403056,15.090050926645034
153,105,221,2025-12-07,2025-12-07 14:41:24,2025-12-07 14:55:18.754034,13.912567226373259
154,101,285,2025-12-07,2025-12-07 09:15:26,2025-12-07 09:41:13.760512,25.79600852677601
155,104,263,2025-12-07,2025-12-07 10:32:37,2025-12-07 10:49:30.459458,16.89099095881093
156,102,247,2025-12-07,2025-12-07 13:16:00,2025-12-07 13:24:46.911449,8.781857476041878
157,106,217,2025-12-07,2025-12-07 16:05:31,2025-12-07 16:30:39.424809,25.140413483401474
158,104,262,2025-12-07,2025-12-07 10:51:06,2025-12-07 11:05:03.090475,13.951507915623546
159,101,276,2025-12-07,2025-12-07 08:39:23,2025-12-07 08:51:30.791736,12.129862274766186
160,104,277,2025-12-07,2025-12-07 16:02:47,2025-12-07 16:21:15.919977,18.48199961778337
161,101,280,2025-12-07,2025-12-07 10:07:03,2025-12-07 10:18:12.489444,11.158157395449566
162,101,239,2025-12-07,2025-12-07 13:38:47,2025-12-07 13:48:35.239174,9.803986234836792
163,101,292,2025-12-08,2025-12-08 15:44:06,2025-12-08 16:03:52.380304,19.773005072747647
164,102,295,2025-12-08,2025-12-08 11:31:03,2025-12-08 11:53:21.845786,22.31409644108328
165,102,226,2025-12-08,2025-12-08 15:35:02,2025-12-08 15:51:25.203724,16.386728739671405
166,105,212,2025-12-08,2025-12-08 11:46:38,2025-12-08 12:00:35.974303,13.966238387214762
167,102,218,2025-12-08,2025-12-08 09:40:23,2025-12-08 09:46:20.765455,5.962757579524251
168,106,265,2025-12-08,2025-12-08 14:09:39,2025-12-08 14:24:48.521660,15.15869432889565
169,106,219,2025-12-08,2025-12-08 10:41:00,2025-12-08 10:54:18.243637,13.304060616291494
170,103,278,2025-12-08,2025-12-08 15:09:51,2025-12-08 15:32:38.415338,22.790255637518314
171,103,285,2025-12-08,2025-12-08 10:15:39,2025-12-08 10:36:32.549279,20.892487985063475
172,104,293,2025-12-08,2025-12-08 11:22:14,2025-12-08 11:44:46.275320,22.537921994168073
173,102,283,2025-12-08,2025-12-08 08:16:53,2025-12-08 08:25:47.281353,8.904689218289183
174,103,233,2025-12-08,2025-12-08 13:06:26,2025-12-08 13:12:45.065933,6.317765549707911
175,103,271,2025-12-08,2025-12-08 08:03:02,2025-12-08 08:19:48.261753,16.771029213291087
176,101,238,2025-12-08,2025-12-08 08:02:28,2025-12-08 08:25:41.735031,23.228917175791644
177,104,221,2025-12-09,2025-12-09 10:22:39,2025-12-09 10:35:02.482729,12.391378824242983
178,104,256,2025-12-09,2025-12-09 08:03:48,2025-12-09 08:16:41.057711,12.884295185145726
179,103,252,2025-12-09,2025-12-09 16:23:22,2025-12-09 16:36:37.040280,13.250671328636964
180,103,203,2025-12-09,2025-12-09 13:38:20,2025-12-09 13:45:09.126354,6.818772564795543
181,104,238,2025-12-09,2025-12-09 15:04:50,2025-12-09 15:20:31.212999,15.686883308553082
182,104,222,2025-12-09,2025-12-09 08:32:12,2025-12-09 08:45:04.643050,12.877384166705864
183,105,224,2025-12-09,2025-12-09 13:19:28,2025-12-09 13:24:42.744464,5.245741061383578
184,103,252,2025-12-09,2025-12-09 11:12:33,2025-12-09 11:27:49.381725,15.27302875276558
185,106,265,2025-12-09,2025-12-09 16:22:20,2025-12-09 16:42:36.704757,20.278412622273137
186,105,239,2025-12-09,2025-12-09 15:50:31,2025-12-09 16:03:24.535229,12.892253816243267
187,103,222,2025-12-09,2025-12-09 11:18:07,2025-12-09 11:25:13.895303,7.114921710824852
188,101,217,2025-12-09,2025-12-09 09:15:32,2025-12-09 09:33:45.234091,18.220568185934617
189,104,227,2025-12-09,2025-12-09 10:27:51,2025-12-09 10:35:33.000863,7.700014376025052
190,103,243,2025-12-09,2025-12-09 09:38:30,2025-12-09 10:03:46.797120,25.279951998572514
191,103,273,2025-12-09,2025-12-09 12:45:52,2025-12-09 13:05:23.055543,19.51759238872974
192,104,244,2025-12-09,2025-12-09 13:36:38,2025-12-09 13:51:54.442713,15.274045216831695
193,104,275,2025-12-09,2025-12-09 15:15:05,2025-12-09 15:27:04.414488,11.99024146685222
194,104,258,2025-12-09,2025-12-09 08:25:49,2025-12-09 08:46:23.880240,20.58133734119248
195,104,224,2025-12-09,2025-12-09 08:05:42,2025-12-09 08:29:59.655518,24.294258636447722
196,103,237,2025-12-09,2025-12-09 12:12:57,2025-12-09 12:33:16.883217,20.331386944405562
197,105,270,2025-12-10,2025-12-10 15:48:59,2025-12-10 15:55:18.101907,6.318365113020381
198,101,207,2025-12-10,2025-12-10 12:48:15,2025-12-10 13:02:51.126949,14.602115824311305
199,106,275,2025-12-10,2025-12-10 12:21:08,2025-12-10 12:36:34.602993,15.44338322023421
200,106,216,2025-12-10,2025-12-10 16:13:11,2025-12-10 16:34:12.583811,21.026396850450904
201,103,236,2025-12-10,2025-12-10 15:57:16,2025-12-10 16:18:17.841430,21.03069049957771
202,102,202,2025-12-10,2025-12-10 10:28:30,2025-12-10 10:54:49.297607,26.321626784392016
203,101,215,2025-12-10,2025-12-10 10:28:34,2025-12-10 10:43:09.452596,14.590876594685003
204,102,272,2025-12-10,2025-12-10 09:25:42,2025-12-10 09:38:59.185772,13.286429530115552
205,102,254,2025-12-10,2025-12-10 15:20:49,2025-12-10 15:33:29.456370,12.674272834956547
206,105,227,2025-12-10,2025-12-10 11:52:29,2025-12-10 12:11:10.109956,18.685165938698024
207,101,203,2025-12-10,2025-12-10 09:53:58,2025-12-10 10:18:09.047746,24.184129096852686
208,106,203,2025-12-10,2025-12-10 11:41:21,2025-12-10 11:57:44.981510,16.399691838275036
209,102,205,2025-12-10,2025-12-10 13:42:12,2025-12-10 14:00:56.310701,18.73851168661622
210,101,206,2025-12-10,2025-12-10 08:10:30,2025-12-10 08:28:02.327983,17.53879971960831
211,105,231,2025-12-10,2025-12-10 08:12:38,2025-12-10 08:34:12.022938,21.567048974770756
212,101,263,2025-12-10,2025-12-10 10:16:19,2025-12-10 10:33:38.774108,17.329568462598704
213,103,201,2025-12-11,2025-12-11 11:14:59,2025-12-11 11:30:43.687325,15.744788757564768
214,104,262,2025-12-11,2025-12-11 12:01:28,2025-12-11 12:16:55.995096,15.466584926962081
215,104,296,2025-12-11,2025-12-11 15:02:33,2025-12-11 15:18:13.383005,15.673050088462169
216,103,277,2025-12-11,2025-12-11 09:22:56,2025-12-11 09:31:03.003094,8.116718226248935
217,101,299,2025-12-11,2025-12-11 15:31:24,2025-12-11 15:43:44.190183,12.336503051774088
218,103,261,2025-12-11,2025-12-11 14:40:07,2025-12-11 14:50:37.380205,10.50633674668601
219,106,238,2025-12-11,2025-12-11 16:30:34,2025-12-11 16:42:07.674854,11.561247559149027
220,105,270,2025-12-11,2025-12-11 11:12:37,2025-12-11 11:31:16.599652,18.659994195654132
221,101,285,2025-12-11,2025-12-11 12:29:08,2025-12-11 12:49:18.458674,20.174311238947823
222,103,262,2025-12-11,2025-12-11 11:00:21,2025-12-11 11:17:17.089753,16.934829223942074
223,101,283,2025-12-11,2025-12-11 16:13:57,2025-12-11 16:20:27.932096,6.515534926055002
224,102,216,2025-12-11,2025-12-11 12:47:30,2025-12-11 13:01:36.249934,14.104165566030451
225,104,221,2025-12-11,2025-12-11 09:29:36,2025-12-11 09:38:51.921314,9.265355227609554
226,101,281,2025-12-11,2025-12-11 09:23:24,2025-12-11 09:30:20.949811,6.94916350952756
227,102,290,2025-12-11,2025-12-11 15:48:19,2025-12-11 16:00:50.048736,12.517478925984499
228,106,222,2025-12-11,2025-12-11 16:58:49,2025-12-11 17:13:14.931127,14.432185455567836
229,105,268,2025-12-11,2025-12-11 08:34:52,2025-12-11 09:03:17.509428,28.425157129509323
230,102,297,2025-12-11,2025-12-11 10:54:46,2025-12-11 11:11:27.235028,16.687250459458316
231,101,220,2025-12-11,2025-12-11 11:56:49,2025-12-11 12:08:15.263044,11.437717406302102
232,105,299,2025-12-11,2025-12-11 08:01:57,2025-12-11 08:19:28.466307,17.52443845045403
233,105,243,2025-12-11,2025-12-11 12:19:08,2025-12-11 12:37:27.666562,18.327776039120664
234,103,267,2025-12-12,2025-12-12 13:33:09,2025-12-12 13:51:47.715976,18.64526626163844
235,102,261,2025-12-12,2025-12-12 15:36:10,2025-12-12 16:03:06.082077,26.93470127790523
236,105,217,2025-12-12,2025-12-12 13:15:17,2025-12-12 13:29:00.263329,13.721055481717752
237,102,257,2025-12-12,2025-12-12 14:56:18,2025-12-12 15:10:54.049661,14.600827679955946
238,104,206,2025-12-12,2025-12-12 09:23:40,2025-12-12 09:40:30.179739,16.83632897906464
239,101,262,2025-12-12,2025-12-12 16:39:57,2025-12-12 16:52:56.528577,12.992142942701925
240,104,272,2025-12-12,2025-12-12 15:51:03,2025-12-12 16:10:19.891181,19.281519687481442
241,103,252,2025-12-12,2025-12-12 11:01:59,2025-12-12 11:23:27.047729,21.467462146020807
242,102,262,2025-12-12,2025-12-12 08:23:12,2025-12-12 08:38:20.245635,15.13742724755447
243,106,287,2025-12-12,2025-12-12 12:23:17,2025-12-12 12:50:05.526867,26.808781119271835
244,101,215,2025-12-12,2025-12-12 09:25:04,2025-12-12 09:43:19.894508,18.26490847218445
245,103,202,2025-12-12,2025-12-12 11:50:58,2025-12-12 12:08:16.635103,17.31058505526042
246,106,273,2025-12-12,2025-12-12 14:10:34,2025-12-12 14:28:29.687022,17.928117038868614
247,105,262,2025-12-12,2025-12-12 15:09:58,2025-12-12 15:19:15.846127,9.297435441751924
248,105,272,2025-12-12,2025-12-12 12:46:53,2025-12-12 12:59:06.398806,12.223313434882572
249,102,284,2025-12-12,2025-12-12 14:46:32,2025-12-12 15:01:11.884082,14.664734703678928
250,105,253,2025-12-13,2025-12-13 15:27:41,2025-12-13 15:50:47.856182,23.114269698597276
251,106,251,2025-12-13,2025-12-13 09:06:54,2025-12-13 09:21:35.643175,14.694052910553646
252,106,217,2025-12-13,2025-12-13 12:49:24,2025-12-13 13:02:59.362536,13.58937560684738
253,106,213,2025-12-13,2025-12-13 08:16:42,2025-12-13 08:33:29.066830,16.78444717218323
254,102,277,2025-12-13,2025-12-13 14:37:41,2025-12-13 15:00:35.839720,22.913995339970686
255,105,258,2025-12-13,2025-12-13 10:03:29,2025-12-13 10:10:08.112883,6.651881379492094
256,102,264,2025-12-13,2025-12-13 09:44:52,2025-12-13 10:08:46.190517,23.903175286476998
257,105,262,2025-12-13,2025-12-13 10:39:48,2025-12-13 10:55:38.239646,15.83732743953621
258,106,212,2025-12-13,2025-12-13 11:23:56,2025-12-13 11:46:44.300323,22.805005386242634
259,104,294,2025-12-13,2025-12-13 10:28:52,2025-12-13 10:52:00.539625,23.142327083832043
260,104,234,2025-12-13,2025-12-13 16:32:25,2025-12-13 16:51:58.453281,19.557554676106314
261,102,241,2025-12-13,2025-12-13 10:23:13,2025-12-13 10:27:59.208820,4.770146992749956
262,102,204,2025-12-13,2025-12-13 10:35:20,2025-12-13 10:45:54.958801,10.582646675132642
263,102,275,2025-12-13,2025-12-13 12:54:22,2025-12-13 13:15:04.635226,20.71058710549675
264,102,227,2025-12-13,2025-12-13 08:15:52,2025-12-13 08:33:38.021639,17.767027324054915
265,102,300,2025-12-13,2025-12-13 08:04:30,2025-12-13 08:29:41.259422,25.187657031533412
266,101,276,2025-12-13,2025-12-13 16:44:47,2025-12-13 16:53:24.444699,8.624078309386807
267,104,292,2025-12-13,2025-12-13 11:48:58,2025-12-13 12:07:27.813309,18.496888481238166
268,102,204,2025-12-13,2025-12-13 08:10:58,2025-12-13 08:27:54.764559,16.946075981943377
269,105,294,2025-12-13,2025-12-13 08:59:53,2025-12-13 09:13:03.021216,13.167020268796842
270,103,281,2025-12-13,2025-12-13 12:17:35,2025-12-13 12:28:15.704175,10.678402924157256
271,103,269,2025-12-13,2025-12-13 10:45:09,2025-12-13 11:10:19.161049,25.169350819704416
272,104,261,2025-12-13,2025-12-13 11:37:36,2025-12-13 11:54:27.624097,16.860401617623637
273,105,259,2025-12-13,2025-12-13 09:21:39,2025-12-13 09:33:03.527306,11.408788427621857
274,104,290,2025-12-13,2025-12-13 15:09:40,2025-12-13 15:17:16.859092,7.614318198755598
275,102,300,2025-12-14,2025-12-14 13:33:09,2025-12-14 13:59:44.614290,26.593571502048306
276,101,295,2025-12-14,2025-12-14 08:41:58,2025-12-14 08:59:15.679511,17.29465851601361
277,106,201,2025-12-14,2025-12-14 11:53:12,2025-12-14 12:17:33.165230,24.352753831038054
278,104,277,2025-12-14,2025-12-14 16:07:15,2025-12-14 16:37:29.031543,30.233859051048746
279,102,284,2025-12-14,2025-12-14 09:15:01,2025-12-14 09:30:07.824640,15.113744000891034
280,101,240,2025-12-14,2025-12-14 10:52:30,2025-12-14 11:09:21.677484,16.86129140425253
281,102,264,2025-12-14,2025-12-14 13:25:47,2025-12-14 13:39:14.776492,13.462941529554307
282,101,221,2025-12-14,2025-12-14 16:56:52,2025-12-14 17:23:58.930649,27.115510815295426
283,104,285,2025-12-14,2025-12-14 09:45:16,2025-12-14 10:03:34.985718,18.31642863651876
284,104,231,2025-12-14,2025-12-14 08:04:12,2025-12-14 08:26:05.280879,21.888014650252973
285,102,219,2025-12-14,2025-12-14 16:47:19,2025-12-14 17:05:19.856935,18.014282252327888
286,102,259,2025-12-14,2025-12-14 11:42:26,2025-12-14 12:04:55.639816,22.493996939339073
287,103,285,2025-12-14,2025-12-14 14:43:47,2025-12-14 15:07:52.565622,24.09276037293138
288,104,227,2025-12-15,2025-12-15 12:26:24,2025-12-15 12:36:24.727428,10.01212379744143
289,101,227,2025-12-15,2025-12-15 15:45:15,2025-12-15 16:06:31.017271,21.26695450838733
290,102,227,2025-12-15,2025-12-15 14:51:09,2025-12-15 14:53:48.852178,2.664202963733338
291,102,230,2025-12-15,2025-12-15 09:02:23,2025-12-15 09:22:31.845868,20.14743113406
292,102,228,2025-12-15,2025-12-15 09:13:15,2025-12-15 09:28:11.917326,14.948622100660272
293,106,299,2025-12-15,2025-12-15 16:55:39,2025-12-15 17:22:33.611332,26.910188860306658
294,106,246,2025-12-15,2025-12-15 10:51:23,2025-12-15 10:57:18.117962,5.918632704240441
295,102,216,2025-12-15,2025-12-15 15:42:05,2025-12-15 16:01:16.092263,19.1848710461917
296,106,245,2025-12-15,2025-12-15 15:20:58,2025-12-15 15:41:13.686547,20.261442443075957
297,101,236,2025-12-15,2025-12-15 09:52:08,2025-12-15 10:11:21.400579,19.223342975209512
298,106,243,2025-12-15,2025-12-15 13:00:24,2025-12-15 13:18:45.914694,18.36524489297922
299,102,214,2025-12-15,2025-12-15 08:41:37,2025-12-15 09:06:06.544893,24.492414887675064
300,106,209,2025-12-15,2025-12-15 12:53:14,2025-12-15 13:12:17.897360,19.064956001595554
301,105,255,2025-12-15,2025-12-15 12:55:47,2025-12-15 13:03:39.359248,7.872654132787595
302,101,272,2025-12-15,2025-12-15 08:55:41,2025-12-15 09:18:22.054264,22.684237736742297
303,103,230,2025-12-15,2025-12-15 12:38:41,2025-12-15 12:54:05.540822,15.409013705955097
304,102,216,2025-12-15,2025-12-15 10:50:11,2025-12-15 11:08:43.624916,18.54374860572625
305,102,297,2025-12-15,2025-12-15 11:40:44,2025-12-15 11:51:29.459659,10.757660989842474
306,101,261,2025-12-15,2025-12-15 08:35:53,2025-12-15 08:50:57.860478,15.081007972702055
307,106,265,2025-12-15,2025-12-15 15:46:59,2025-12-15 16:07:49.420436,20.840340603849068
308,102,234,2025-12-15,2025-12-15 08:45:33,2025-12-15 09:04:25.851839,18.88086397807789
309,105,212,2025-12-15,2025-12-15 12:05:29,2025-12-15 12:19:23.361644,13.906027403904696
310,103,258,2025-12-15,2025-12-15 14:10:56,2025-12-15 14:26:03.966009,15.132766821804447
311,102,295,2025-12-16,2025-12-16 12:37:28,2025-12-16 12:53:11.181445,15.71969075753529
312,104,294,2025-12-16,2025-12-16 13:32:53,2025-12-16 13:48:07.427577,15.240459619375004
313,104,256,2025-12-16,2025-12-16 09:44:42,2025-12-16 09:57:40.519064,12.975317734368508
314,102,297,2025-12-16,2025-12-16 11:17:08,2025-12-16 11:24:31.413068,7.3902177924180315
315,103,224,2025-12-16,2025-12-16 11:55:18,2025-12-16 12:09:31.363840,14.222730670029543
316,104,268,2025-12-16,2025-12-16 14:12:58,2025-12-16 14:33:11.764669,20.229411149668856
317,105,246,2025-12-16,2025-12-16 16:49:22,2025-12-16 17:10:33.722016,21.19536693966533
318,101,234,2025-12-16,2025-12-16 12:53:32,2025-12-16 13:07:50.387332,14.306455531694212
319,106,225,2025-12-16,2025-12-16 10:10:59,2025-12-16 10:26:14.317092,15.25528486546502
320,106,217,2025-12-16,2025-12-16 12:57:45,2025-12-16 13:19:48.860594,22.06434324063416
321,104,226,2025-12-16,2025-12-16 11:34:01,2025-12-16 11:51:12.062928,17.184382129426133
322,104,296,2025-12-16,2025-12-16 14:01:16,2025-12-16 14:17:42.785091,16.446418183512737
323,103,257,2025-12-16,2025-12-16 09:54:54,2025-12-16 10:13:35.756670,18.69594450736994
324,102,206,2025-12-16,2025-12-16 10:25:36,2025-12-16 10:33:05.089716,7.484828602285091
325,104,202,2025-12-16,2025-12-16 09:13:19,2025-12-16 09:26:41.786001,13.379766689434335
326,102,288,2025-12-16,2025-12-16 12:56:11,2025-12-16 13:16:04.789287,19.89648812191878
327,104,243,2025-12-16,2025-12-16 16:38:33,2025-12-16 16:41:25.684934,2.8780822260507044
328,102,288,2025-12-16,2025-12-16 12:59:05,2025-12-16 13:24:18.312878,25.221881307993417
329,105,208,2025-12-16,2025-12-16 12:59:29,2025-12-16 13:17:02.334078,17.555567963291537
330,105,227,2025-12-16,2025-12-16 10:27:06,2025-12-16 10:44:13.930629,17.1321771462526
331,102,284,2025-12-16,2025-12-16 15:30:01,2025-12-16 15:54:13.965626,24.216093760844423
332,102,252,2025-12-16,2025-12-16 12:55:22,2025-12-16 13:16:24.577336,21.04295560368533
333,106,275,2025-12-16,2025-12-16 11:00:21,2025-12-16 11:14:14.000196,13.883336608308461
334,104,265,2025-12-16,2025-12-16 10:35:22,2025-12-16 10:51:53.333227,16.52222045780654
335,105,271,2025-12-17,2025-12-17 15:06:10,2025-12-17 15:19:37.699293,13.461654877751341
336,105,241,2025-12-17,2025-12-17 13:19:25,2025-12-17 13:33:37.690829,14.211513811782646
337,103,212,2025-12-17,2025-12-17 10:53:00,2025-12-17 11:12:53.874117,19.897901946854287
338,103,274,2025-12-17,2025-12-17 13:47:28,2025-12-17 14:00:07.011367,12.650189448711568
339,106,234,2025-12-17,2025-12-17 11:09:00,2025-12-17 11:25:11.101624,16.185027072990735
340,105,236,2025-12-17,2025-12-17 15:48:55,2025-12-17 16:00:36.135822,11.685597035651881
341,105,246,2025-12-17,2025-12-17 08:03:17,2025-12-17 08:24:45.572164,21.47620274003265
342,101,276,2025-12-17,2025-12-17 15:04:13,2025-12-17 15:25:10.923297,20.96538829002557
343,103,280,2025-12-17,2025-12-17 16:26:01,2025-12-17 16:37:25.345283,11.405754716539386
344,102,231,2025-12-17,2025-12-17 08:18:13,2025-12-17 08:37:48.300371,19.58833951944223
345,106,276,2025-12-17,2025-12-17 10:03:19,2025-12-17 10:14:27.474281,11.141238018469453
346,101,227,2025-12-17,2025-12-17 16:20:25,2025-12-17 16:40:23.785190,19.97975316686108
347,102,256,2025-12-17,2025-12-17 10:43:01,2025-12-17 11:05:20.524310,22.325405168393544
348,102,256,2025-12-17,2025-12-17 15:22:39,2025-12-17 15:36:45.158449,14.102640815913789
349,102,299,2025-12-17,2025-12-17 11:23:35,2025-12-17 11:44:57.702532,21.37837552706995
350,105,289,2025-12-17,2025-12-17 14:00:24,2025-12-17 14:14:02.773250,13.646220835867014
351,103,219,2025-12-18,2025-12-18 14:40:14,2025-12-18 15:01:55.323402,21.688723369426
352,102,223,2025-12-18,2025-12-18 08:09:57,2025-12-18 08:26:49.501366,16.87502276230021
353,105,237,2025-12-18,2025-12-18 13:22:56,2025-12-18 13:30:46.547930,7.842465508011095
354,105,282,2025-12-18,2025-12-18 13:38:00,2025-12-18 13:47:53.781784,9.896363072560572
355,104,208,2025-12-18,2025-12-18 13:06:20,2025-12-18 13:24:35.900942,18.265015707495678
356,101,285,2025-12-18,2025-12-18 13:00:57,2025-12-18 13:10:36.132006,9.65220010046507
357,106,236,2025-12-18,2025-12-18 13:59:56,2025-12-18 14:22:38.998592,22.71664319410508
358,105,235,2025-12-18,2025-12-18 11:09:26,2025-12-18 11:31:50.856695,22.41427825527397
359,102,241,2025-12-18,2025-12-18 14:09:13,2025-12-18 14:21:36.499780,12.391662996191936
360,101,298,2025-12-18,2025-12-18 16:17:55,2025-12-18 16:31:11.904046,13.281734102752733
361,101,293,2025-12-18,2025-12-18 12:54:13,2025-12-18 13:01:03.402356,6.8400392740466796
362,103,256,2025-12-18,2025-12-18 14:10:21,2025-12-18 14:19:32.193456,9.18655759168053
363,101,292,2025-12-18,2025-12-18 13:45:21,2025-12-18 13:55:22.327158,10.022119296513651
364,102,285,2025-12-18,2025-12-18 09:28:20,2025-12-18 09:44:11.210682,15.853511371928837
365,104,292,2025-12-18,2025-12-18 08:49:05,2025-12-18 08:57:15.481251,8.174687508528102
366,104,235,2025-12-18,2025-12-18 08:15:54,2025-12-18 08:33:07.106897,17.218448275843443
367,102,271,2025-12-18,2025-12-18 10:28:45,2025-12-18 10:43:02.886727,14.29811212246698
368,106,234,2025-12-18,2025-12-18 14:57:04,2025-12-18 15:06:36.880844,9.548014073674766
369,103,285,2025-12-18,2025-12-18 16:38:35,2025-12-18 16:54:41.813256,16.113554263369405
370,102,260,2025-12-18,2025-12-18 16:32:54,2025-12-18 16:39:02.141378,6.135689634441839
371,104,296,2025-12-18,2025-12-18 15:09:01,2025-12-18 15:18:13.681963,9.211366052951943
372,101,293,2025-12-18,2025-12-18 16:56:20,2025-12-18 17:08:30.572781,12.176213015619414
373,106,228,2025-12-18,2025-12-18 14:16:17,2025-12-18 14:37:50.126430,21.552107174900783
374,104,281,2025-12-19,2025-12-19 08:00:36,2025-12-19 08:17:59.870173,17.39783620855423
375,104,248,2025-12-19,2025-12-19 16:14:42,2025-12-19 16:31:49.323470,17.122057834463156
376,103,234,2025-12-19,2025-12-19 10:47:14,2025-12-19 11:05:45.309281,18.521821356329365
377,103,293,2025-12-19,2025-12-19 15:18:55,2025-12-19 15:29:57.288198,11.03813662597387
378,101,213,2025-12-19,2025-12-19 09:45:37,2025-12-19 10:06:34.547464,20.959124405057658
379,102,262,2025-12-19,2025-12-19 11:29:44,2025-12-19 11:40:15.090938,10.518182306710829
380,103,292,2025-12-19,2025-12-19 12:03:26,2025-12-19 12:14:11.961775,10.766029576684037
381,104,214,2025-12-19,2025-12-19 15:42:34,2025-12-19 15:59:18.995946,16.749932438112697
382,104,204,2025-12-19,2025-12-19 12:47:29,2025-12-19 13:09:18.241370,21.82068949316436
383,105,246,2025-12-19,2025-12-19 15:34:29,2025-12-19 15:45:40.736281,11.19560467559978
384,102,209,2025-12-19,2025-12-19 13:53:09,2025-12-19 14:11:41.970030,18.549500503603635
385,101,271,2025-12-19,2025-12-19 12:05:36,2025-12-19 12:13:37.751969,8.029199491147738
386,102,298,2025-12-19,2025-12-19 16:30:30,2025-12-19 16:50:36.590908,20.109848464543525
387,102,221,2025-12-19,2025-12-19 13:25:34,2025-12-19 13:45:40.893211,20.114886846482655
388,105,253,2025-12-19,2025-12-19 09:23:15,2025-12-19 09:38:43.974464,15.48290772564223
389,102,286,2025-12-20,2025-12-20 13:11:55,2025-12-20 13:18:48.321869,6.888697822962337
390,104,269,2025-12-20,2025-12-20 10:44:01,2025-12-20 10:49:18.231129,5.287185475410601
391,104,256,2025-12-20,2025-12-20 11:31:27,2025-12-20 11:58:13.414684,26.77357806567902
392,103,280,2025-12-20,2025-12-20 13:24:33,2025-12-20 13:51:54.160009,27.35266682293407
393,101,211,2025-12-20,2025-12-20 09:49:05,2025-12-20 09:58:02.574879,8.959581322371953
394,103,238,2025-12-20,2025-12-20 14:51:55,2025-12-20 15:07:24.329286,15.488821428045613
395,104,229,2025-12-20,2025-12-20 15:12:33,2025-12-20 15:32:31.704914,19.97841523756008
396,101,290,2025-12-20,2025-12-20 16:19:56,2025-12-20 16:33:25.281291,13.48802152320049
397,105,233,2025-12-20,2025-12-20 12:09:35,2025-12-20 12:16:42.944369,7.132406156473486
398,104,220,2025-12-20,2025-12-20 15:48:09,2025-12-20 16:03:10.544420,15.025740325935177
399,101,248,2025-12-20,2025-12-20 16:02:24,2025-12-20 16:11:15.452131,8.857535515848607
400,103,240,2025-12-21,2025-12-21 09:37:27,2025-12-21 09:54:15.745022,16.812417025894923
401,106,240,2025-12-21,2025-12-21 13:57:41,2025-12-21 14:17:53.565303,20.209421717374255
402,103,218,2025-12-21,2025-12-21 08:35:50,2025-12-21 08:47:04.181343,11.236355722473004
403,106,239,2025-12-21,2025-12-21 15:42:51,2025-12-21 16:06:04.028970,23.217149493174965
404,101,258,2025-12-21,2025-12-21 16:07:24,2025-12-21 16:24:24.764046,17.012734105790894
405,104,249,2025-12-21,2025-12-21 08:30:33,2025-12-21 08:41:34.948285,11.032471420762125
406,104,232,2025-12-21,2025-12-21 11:30:42,2025-12-21 11:43:57.203974,13.253399561754648
407,104,252,2025-12-21,2025-12-21 14:39:54,2025-12-21 14:46:01.803867,6.130064447624726
408,103,215,2025-12-21,2025-12-21 13:34:33,2025-12-21 13:38:32.552315,3.992538576005966
409,106,217,2025-12-21,2025-12-21 09:23:11,2025-12-21 09:35:57.704769,12.778412818947007
410,105,214,2025-12-21,2025-12-21 10:22:04,2025-12-21 10:38:15.734167,16.195569455196534
411,103,210,2025-12-21,2025-12-21 11:56:43,2025-12-21 12:12:00.505478,15.291757968293137
412,103,254,2025-12-21,2025-12-21 13:09:33,2025-12-21 13:26:59.264584,17.437743074441464
413,101,222,2025-12-21,2025-12-21 13:41:18,2025-12-21 13:57:47.682995,16.494716586811734
414,106,265,2025-12-21,2025-12-21 11:05:13,2025-12-21 11:22:21.116972,17.135282873127437
415,103,270,2025-12-21,2025-12-21 09:35:52,2025-12-21 09:50:24.466486,14.5411080958765
416,104,272,2025-12-21,2025-12-21 10:21:47,2025-12-21 10:45:03.525399,23.275423320593603
417,106,253,2025-12-22,2025-12-22 11:13:23,2025-12-22 11:29:05.529263,15.708821055461687
418,105,215,2025-12-22,2025-12-22 15:41:11,2025-12-22 15:53:39.423599,12.473726641980571
419,105,274,2025-12-22,2025-12-22 15:06:10,2025-12-22 15:21:40.807551,15.51345918587491
420,106,249,2025-12-22,2025-12-22 08:51:28,2025-12-22 09:08:58.452635,17.507543921906755
421,103,245,2025-12-22,2025-12-22 13:47:27,2025-12-22 14:07:22.843610,19.930726825899153
422,105,242,2025-12-22,2025-12-22 08:41:34,2025-12-22 09:02:14.197536,20.669958927639687
423,103,291,2025-12-22,2025-12-22 16:28:49,2025-12-22 16:51:40.682809,22.861380153911377
424,104,290,2025-12-22,2025-12-22 14:17:05,2025-12-22 14:35:54.948242,18.832470699731196
425,104,221,2025-12-22,2025-12-22 15:30:55,2025-12-22 15:51:49.043819,20.900730322545517
426,101,207,2025-12-22,2025-12-22 08:55:05,2025-12-22 09:13:03.575879,17.976264645299366
427,103,261,2025-12-22,2025-12-22 14:00:58,2025-12-22 14:29:06.072702,28.134545040403964
428,105,291,2025-12-22,2025-12-22 13:10:14,2025-12-22 13:31:57.157961,21.71929935153687
429,104,282,2025-12-22,2025-12-22 13:10:27,2025-12-22 13:28:17.310253,17.838504216494815
430,106,202,2025-12-22,2025-12-22 13:22:16,2025-12-22 13:36:46.476064,14.507934393639117
431,103,209,2025-12-22,2025-12-22 12:34:00,2025-12-22 12:53:08.302978,19.138382967890383
432,103,276,2025-12-22,2025-12-22 09:44:12,2025-12-22 10:01:10.104007,16.968400119579766
433,106,203,2025-12-23,2025-12-23 13:57:36,2025-12-23 14:08:49.404583,11.223409724445604
434,104,243,2025-12-23,2025-12-23 16:22:16,2025-12-23 16:34:39.489780,12.391496337064535
435,104,243,2025-12-23,2025-12-23 16:20:48,2025-12-23 16:32:16.791366,11.479856106877481
436,106,211,2025-12-23,2025-12-23 16:00:16,2025-12-23 16:08:21.976053,8.099600889674841
437,101,261,2025-12-23,2025-12-23 10:58:28,2025-12-23 11:18:41.916490,20.231941506737776
438,101,277,2025-12-23,2025-12-23 12:47:10,2025-12-23 13:08:10.299523,21.00499204187538
439,106,281,2025-12-23,2025-12-23 10:00:27,2025-12-23 10:15:50.080062,15.384667693175807
440,102,238,2025-12-23,2025-12-23 11:50:45,2025-12-23 12:14:45.669392,24.011156527776347
441,104,284,2025-12-23,2025-12-23 09:37:09,2025-12-23 09:52:13.251907,15.070865122720642
442,102,291,2025-12-23,2025-12-23 08:57:04,2025-12-23 09:13:07.927090,16.065451505721164
443,102,227,2025-12-23,2025-12-23 08:00:22,2025-12-23 08:16:10.733367,15.812222788532534
444,106,220,2025-12-23,2025-12-23 11:10:53,2025-12-23 11:20:15.132925,9.36888207828197
445,106,204,2025-12-23,2025-12-23 12:06:56,2025-12-23 12:25:46.094748,18.834912470319093
446,104,263,2025-12-23,2025-12-23 16:52:26,2025-12-23 17:15:22.408458,22.940140974622963
447,101,240,2025-12-23,2025-12-23 13:20:29,2025-12-23 13:28:26.896199,7.9649366498230485
448,104,258,2025-12-23,2025-12-23 13:59:17,2025-12-23 14:23:56.487844,24.65813073916314
449,101,236,2025-12-23,2025-12-23 16:00:06,2025-12-23 16:12:48.304897,12.705081620199866
450,105,272,2025-12-23,2025-12-23 16:41:21,2025-12-23 16:43:21.000000,2.0
451,102,214,2025-12-23,2025-12-23 14:47:46,2025-12-23 15:10:04.905044,22.315084062780723
452,104,286,2025-12-23,2025-12-23 15:55:37,2025-12-23 16:10:41.585355,15.076422580435258
453,102,229,2025-12-23,2025-12-23 12:56:51,2025-12-23 13:18:13.965900,21.382765001454608
454,103,206,2025-12-23,2025-12-23 13:37:10,2025-12-23 13:52:11.613564,15.026892728385269
455,102,231,2025-12-23,2025-12-23 12:12:13,2025-12-23 12:27:26.227722,15.220462038238345
456,105,203,2025-12-23,2025-12-23 14:26:24,2025-12-23 14:47:29.396136,21.089935592327933
457,106,254,2025-12-24,2025-12-24 08:46:42,2025-12-24 08:59:05.935707,12.398928453840382
458,105,297,2025-12-24,2025-12-24 16:49:10,2025-12-24 17:02:05.106697,12.918444952948885
459,102,273,2025-12-24,2025-12-24 10:59:35,2025-12-24 11:18:00.508483,18.42514138543952
460,106,273,2025-12-24,2025-12-24 13:28:00,2025-12-24 13:38:01.472425,10.024540413138771
461,104,219,2025-12-24,2025-12-24 13:05:51,2025-12-24 13:22:11.118759,16.33531264938814
462,102,219,2025-12-24,2025-12-24 15:19:24,2025-12-24 15:35:31.929961,16.132166012719566
463,104,294,2025-12-24,2025-12-24 08:46:53,2025-12-24 09:00:15.683342,13.37805569310776
464,103,240,2025-12-24,2025-12-24 16:33:26,2025-12-24 16:57:41.627929,24.260465485701083
465,101,207,2025-12-24,2025-12-24 10:10:14,2025-12-24 10:17:54.343571,7.672392854719909
466,104,233,2025-12-24,2025-12-24 16:27:10,2025-12-24 16:32:15.615672,5.093594526493376
467,101,284,2025-12-24,2025-12-24 10:03:18,2025-12-24 10:15:24.055118,12.100918638020437
468,104,292,2025-12-24,2025-12-24 09:23:30,2025-12-24 09:41:39.176100,18.15293500410267
469,103,275,2025-12-24,2025-12-24 10:13:32,2025-12-24 10:26:39.561019,13.126016990093657
470,103,298,2025-12-24,2025-12-24 10:33:41,2025-12-24 10:49:32.372634,15.856210569599874
471,102,233,2025-12-24,2025-12-24 10:35:22,2025-12-24 10:46:35.871947,11.231199113440518
472,103,273,2025-12-24,2025-12-24 10:46:13,2025-12-24 10:57:13.389598,11.006493301529513
473,104,244,2025-12-24,2025-12-24 12:34:49,2025-12-24 12:47:00.110149,12.185169150762254
474,101,282,2025-12-24,2025-12-24 11:25:11,2025-12-24 11:47:59.119391,22.80198984254224
475,103,277,2025-12-24,2025-12-24 13:20:04,2025-12-24 13:38:30.181921,18.436365353186368
476,106,239,2025-12-24,2025-12-24 08:37:39,2025-12-24 09:01:26.668286,23.794471429466824
477,101,300,2025-12-24,2025-12-24 16:27:35,2025-12-24 16:43:01.990828,15.449847126845722
478,105,210,2025-12-24,2025-12-24 14:28:43,2025-12-24 14:37:32.569407,8.8261567818699
479,101,216,2025-12-25,2025-12-25 16:50:15,2025-12-25 17:15:01.686247,24.778104123854277
480,106,243,2025-12-25,2025-12-25 08:59:30,2025-12-25 09:22:32.032303,23.033871711360074
481,104,283,2025-12-25,2025-12-25 14:10:51,2025-12-25 14:28:07.909445,17.28182408465026
482,103,297,2025-12-25,2025-12-25 13:22:05,2025-12-25 13:29:52.489051,7.791484186496454
483,102,231,2025-12-25,2025-12-25 14:41:00,2025-12-25 14:53:31.504818,12.525080307763474
484,104,267,2025-12-25,2025-12-25 16:29:42,2025-12-25 16:46:16.038049,16.567300816387675
485,102,290,2025-12-25,2025-12-25 16:23:33,2025-12-25 16:25:33.000000,2.0
486,106,222,2025-12-25,2025-12-25 12:01:28,2025-12-25 12:20:58.094614,19.501576899099526
487,105,251,2025-12-25,2025-12-25 13:27:56,2025-12-25 13:40:54.507697,12.97512827968553
488,106,234,2025-12-25,2025-12-25 09:41:25,2025-12-25 09:59:00.539317,17.592321942182338
489,106,213,2025-12-25,2025-12-25 08:13:30,2025-12-25 08:29:00.273247,15.504554112513537
490,103,244,2025-12-25,2025-12-25 09:41:17,2025-12-25 09:43:17.000000,2.0
491,106,299,2025-12-25,2025-12-25 16:46:13,2025-12-25 17:07:49.927634,21.615460566009595
492,102,258,2025-12-25,2025-12-25 16:24:01,2025-12-25 16:44:41.317384,20.67195640781774
493,102,239,2025-12-26,2025-12-26 12:59:58,2025-12-26 13:16:49.339835,16.855663911426845
494,106,222,2025-12-26,2025-12-26 15:35:18,2025-12-26 15:43:41.517856,8.39196427373657
495,102,217,2025-12-26,2025-12-26 13:56:09,2025-12-26 13:59:21.259867,3.204331109535696
496,105,219,2025-12-26,2025-12-26 13:16:10,2025-12-26 13:35:21.824720,19.19707866156096
497,101,287,2025-12-26,2025-12-26 11:33:12,2025-12-26 11:48:34.717493,15.378624879036485
498,104,217,2025-12-26,2025-12-26 09:27:57,2025-12-26 09:40:05.525738,12.142095641163031
499,102,206,2025-12-26,2025-12-26 16:16:51,2025-12-26 16:36:03.423878,19.20706463148064
500,103,229,2025-12-26,2025-12-26 08:31:10,2025-12-26 08:44:21.860816,13.197680273253424
501,102,265,2025-12-26,2025-12-26 10:16:55,2025-12-26 10:32:25.456837,15.507613957301254
502,106,215,2025-12-26,2025-12-26 12:41:05,2025-12-26 13:03:08.429871,22.057164518303274
503,102,239,2025-12-26,2025-12-26 13:25:38,2025-12-26 13:39:20.337019,13.705616975081822
504,102,295,2025-12-26,2025-12-26 15:00:34,2025-12-26 15:16:19.860111,15.764335183506205
505,101,237,2025-12-26,2025-12-26 08:01:26,2025-12-26 08:03:26.000000,2.0
506,105,218,2025-12-26,2025-12-26 14:58:07,2025-12-26 15:13:16.342703,15.155711712400757
507,102,275,2025-12-26,2025-12-26 10:59:51,2025-12-26 11:12:28.828847,12.63048077988581
508,104,280,2025-12-26,2025-12-26 12:51:52,2025-12-26 12:57:25.626050,5.5604341640933725
509,106,216,2025-12-26,2025-12-26 09:14:10,2025-12-26 09:35:45.130583,21.58550971678506
510,103,282,2025-12-26,2025-12-26 10:06:34,2025-12-26 10:20:00.803859,13.446730982678211
511,105,244,2025-12-26,2025-12-26 12:57:04,2025-12-26 13:07:51.688283,10.794804718287061
512,103,287,2025-12-26,2025-12-26 12:13:00,2025-12-26 12:27:33.722187,14.562036457142572
513,105,223,2025-12-27,2025-12-27 16:01:43,2025-12-27 16:18:51.981581,17.14969301265361
514,101,203,2025-12-27,2025-12-27 10:42:55,2025-12-27 11:00:08.568734,17.226145559163072
515,103,254,2025-12-27,2025-12-27 14:10:07,2025-12-27 14:29:26.217187,19.320286447376986
516,105,286,2025-12-27,2025-12-27 08:22:05,2025-12-27 08:28:37.990744,6.5498457312901515
517,101,300,2025-12-27,2025-12-27 11:50:24,2025-12-27 12:00:29.289843,10.08816404725297
518,101,232,2025-12-27,2025-12-27 09:27:22,2025-12-27 09:48:19.958963,20.965982717564742
519,105,243,2025-12-27,2025-12-27 09:04:38,2025-12-27 09:18:48.742623,14.179043713978398
520,101,295,2025-12-27,2025-12-27 12:32:30,2025-12-27 12:57:09.033192,24.650553202533473
521,102,236,2025-12-27,2025-12-27 12:51:18,2025-12-27 13:02:05.862115,10.79770192223096
522,103,283,2025-12-27,2025-12-27 15:37:58,2025-12-27 15:58:40.822690,20.7137114927032
523,101,279,2025-12-27,2025-12-27 16:15:50,2025-12-27 16:25:45.504313,9.925071891479407
524,103,274,2025-12-27,2025-12-27 14:51:33,2025-12-27 15:06:05.366349,14.539439153125858
525,106,206,2025-12-27,2025-12-27 12:04:42,2025-12-27 12:25:38.690162,20.944836033583282
526,101,277,2025-12-27,2025-12-27 12:33:51,2025-12-27 12:51:59.242824,18.13738040660529
527,104,252,2025-12-27,2025-12-27 11:52:33,2025-12-27 12:07:15.237449,14.703957486805415
528,105,214,2025-12-27,2025-12-27 09:57:06,2025-12-27 10:23:48.094910,26.701581826397813
529,101,261,2025-12-27,2025-12-27 16:32:11,2025-12-27 16:57:14.663676,25.061061271919762
530,104,204,2025-12-28,2025-12-28 16:53:10,2025-12-28 17:06:02.647722,12.877462040605185
531,101,253,2025-12-28,2025-12-28 15:26:35,2025-12-28 15:39:44.583794,13.159729903519938
532,105,269,2025-12-28,2025-12-28 12:33:24,2025-12-28 12:50:08.636123,16.743935390630057
533,106,224,2025-12-28,2025-12-28 15:06:01,2025-12-28 15:24:21.693877,18.344897943320404
534,103,281,2025-12-28,2025-12-28 09:08:47,2025-12-28 09:22:27.585977,13.676432947267106
535,104,257,2025-12-28,2025-12-28 12:09:15,2025-12-28 12:36:07.802334,26.880038891807907
536,106,210,2025-12-28,2025-12-28 10:06:38,2025-12-28 10:21:12.288413,14.571473542011558
537,104,238,2025-12-28,2025-12-28 12:39:22,2025-12-28 12:53:36.709060,14.245150996335902
538,103,204,2025-12-28,2025-12-28 11:35:51,2025-12-28 11:51:55.902680,16.081711329832512
539,105,287,2025-12-28,2025-12-28 15:28:09,2025-12-28 15:36:37.220877,8.470347942225901
540,106,256,2025-12-28,2025-12-28 13:55:18,2025-12-28 14:11:08.228582,15.837143029438403
541,103,287,2025-12-28,2025-12-28 14:39:36,2025-12-28 15:03:34.677779,23.97796297815063
542,106,201,2025-12-28,2025-12-28 09:33:33,2025-12-28 09:51:07.154693,17.569244887746677
543,104,259,2025-12-28,2025-12-28 11:43:01,2025-12-28 11:48:48.806008,5.796766805477418
544,105,208,2025-12-28,2025-12-28 14:51:53,2025-12-28 14:53:53.000000,2.0
545,102,262,2025-12-28,2025-12-28 14:22:51,2025-12-28 14:26:06.728220,3.262136992065571
546,102,266,2025-12-28,2025-12-28 09:35:30,2025-12-28 09:50:11.457923,14.690965383598593
547,105,249,2025-12-28,2025-12-28 09:32:50,2025-12-28 09:48:03.948296,15.232471604945074
548,102,253,2025-12-29,2025-12-29 12:33:19,2025-12-29 12:39:39.507078,6.341784634287109
549,103,209,2025-12-29,2025-12-29 08:56:29,2025-12-29 09:20:52.201848,24.386697465785662
550,104,238,2025-12-29,2025-12-29 15:34:37,2025-12-29 15:53:14.705577,18.62842627920047
551,106,261,2025-12-29,2025-12-29 08:50:46,2025-12-29 08:52:46.000000,2.0
552,103,247,2025-12-29,2025-12-29 10:25:33,2025-12-29 10:44:57.768104,19.41280173093135
553,104,254,2025-12-29,2025-12-29 13:23:54,2025-12-29 13:57:05.761997,33.19603328301902
554,101,210,2025-12-29,2025-12-29 10:15:25,2025-12-29 10:25:00.131484,9.585524726844675
555,106,232,2025-12-29,2025-12-29 16:18:25,2025-12-29 16:32:10.986331,13.766438851410621
556,106,210,2025-12-29,2025-12-29 09:30:26,2025-12-29 09:44:10.972785,13.749546408513197
557,103,222,2025-12-29,2025-12-29 11:00:35,2025-12-29 11:20:18.622270,19.727037841180884
558,101,206,2025-12-29,2025-12-29 12:33:27,2025-12-29 12:42:23.481643,8.941360714161478
559,106,280,2025-12-29,2025-12-29 12:10:52,2025-12-29 12:27:15.842419,16.397373654985582
560,104,238,2025-12-29,2025-12-29 11:44:20,2025-12-29 12:06:25.516532,22.091942193023897
561,101,256,2025-12-29,2025-12-29 12:01:57,2025-12-29 12:24:22.138859,22.418980986693242
562,101,266,2025-12-29,2025-12-29 15:23:10,2025-12-29 15:38:25.635332,15.260588866332045
563,106,296,2025-12-29,2025-12-29 09:36:47,2025-12-29 09:51:45.742061,14.979034343616194
564,101,300,2025-12-29,2025-12-29 16:40:15,2025-12-29 16:46:53.309378,6.638489639329201
565,102,223,2025-12-29,2025-12-29 12:53:18,2025-12-29 13:08:40.120625,15.36867707520518
566,101,298,2025-12-29,2025-12-29 11:58:25,2025-12-29 12:04:08.401689,5.723361482468992
567,103,258,2025-12-29,2025-12-29 14:52:31,2025-12-29 15:13:29.190935,20.969848923390337
568,103,237,2025-12-29,2025-12-29 08:15:47,2025-12-29 08:34:43.767564,18.946126061800186
569,105,273,2025-12-29,2025-12-29 13:29:27,2025-12-29 13:59:27.663395,30.011056576074342
570,101,215,2025-12-30,2025-12-30 16:45:17,2025-12-30 16:57:24.628831,12.127147175817232
571,105,232,2025-12-30,2025-12-30 13:10:50,2025-12-30 13:21:24.752160,10.579202672403863
572,102,223,2025-12-30,2025-12-30 14:03:24,2025-12-30 14:18:39.939307,15.265655112991007
573,102,213,2025-12-30,2025-12-30 12:59:48,2025-12-30 13:13:31.789041,13.729817345940116
574,101,203,2025-12-30,2025-12-30 15:09:51,2025-12-30 15:28:46.348526,18.922475438085723
575,105,282,2025-12-30,2025-12-30 10:28:24,2025-12-30 10:41:44.558854,13.342647572173725
576,102,299,2025-12-30,2025-12-30 13:36:00,2025-12-30 13:50:00.921160,14.015352668259673
577,105,281,2025-12-30,2025-12-30 16:03:10,2025-12-30 16:19:16.543890,16.10906484095991
578,104,228,2025-12-30,2025-12-30 08:42:39,2025-12-30 08:55:45.454853,13.107580879875563
579,103,245,2025-12-30,2025-12-30 14:02:48,2025-12-30 14:18:32.789786,15.746496438925638
580,103,270,2025-12-30,2025-12-30 12:09:14,2025-12-30 12:19:57.782000,10.729699992944756
581,101,288,2025-12-30,2025-12-30 16:11:51,2025-12-30 16:26:52.405307,15.023421776697322
582,101,221,2025-12-30,2025-12-30 15:44:27,2025-12-30 16:08:20.402673,23.890044553293322
583,101,295,2025-12-30,2025-12-30 14:41:08,2025-12-30 14:49:12.951968,8.082532793048816
584,105,261,2025-12-30,2025-12-30 08:07:09,2025-12-30 08:23:02.906594,15.898443238348142
585,106,219,2025-12-30,2025-12-30 10:14:19,2025-12-30 10:37:46.484366,23.458072759665455
586,101,259,2025-12-30,2025-12-30 13:52:10,2025-12-30 14:11:02.786358,18.87977263822068
587,104,234,2025-12-30,2025-12-30 15:42:17,2025-12-30 15:52:35.783491,10.313058178151312
